{
  "resources": [
    "kyle_hit.ogg",
    "kyle_hit.m4a",
    "kyle_hit.mp3",
    "kyle_hit.ac3"
  ],
  "spritemap": {
    "107_cv_book2_raidintro_kyle_0009": {
      "start": 0,
      "end": 4.22265306122449,
      "loop": false
    },
    "107_cv_book2_s_finale_kyle_0002": {
      "start": 6,
      "end": 7.065351473922902,
      "loop": false
    },
    "ch_kyle_b_enter_0286": {
      "start": 9,
      "end": 11.164013605442177,
      "loop": false
    },
    "ch_kyle_combat_end_0260": {
      "start": 13,
      "end": 14.26265306122449,
      "loop": false
    },
    "ch_kyle_evnt_resp_0087": {
      "start": 16,
      "end": 16.921337868480727,
      "loop": false
    },
    "ch_kyle_evnt_resp_0278": {
      "start": 18,
      "end": 18.57734693877551,
      "loop": false
    },
    "ch_kyle_fart_react_0162": {
      "start": 20,
      "end": 20.505351473922904,
      "loop": false
    },
    "ch_kyle_heal_0205": {
      "start": 22,
      "end": 22.708004535147392,
      "loop": false
    },
    "ch_kyle_heal_0206": {
      "start": 24,
      "end": 24.686666666666667,
      "loop": false
    },
    "ch_kyle_heal_0208": {
      "start": 26,
      "end": 26.915986394557823,
      "loop": false
    },
    "ch_kyle_nz_c_idle_0007": {
      "start": 28,
      "end": 29.37734693877551,
      "loop": false
    },
    "ch_kyle_nz_c_idle_0009": {
      "start": 31,
      "end": 31.692018140589568,
      "loop": false
    },
    "ch_kyle_point_of_interest_0048": {
      "start": 33,
      "end": 34.1453514739229,
      "loop": false
    }
  }
}